<?xml version="1.0" encoding="utf-8"?><feed xmlns="http://www.w3.org/2005/Atom" ><generator uri="https://jekyllrb.com/" version="3.9.0">Jekyll</generator><link href="http://localhost:4000/index.xml" rel="self" type="application/atom+xml" /><link href="http://localhost:4000/" rel="alternate" type="text/html" /><updated>2020-10-06T21:07:15+06:00</updated><id>http://localhost:4000/index.xml</id><title type="html">Litmus Jekyll Theme</title><subtitle>Litmus is a modern presentation Jekyll Portfolio Template.</subtitle><author><name>tortoizthemes</name></author><entry><title type="html">Welcome to Our Jekyll Premium Blog Posting</title><link href="http://localhost:4000/welcome-to-jekyll" rel="alternate" type="text/html" title="Welcome to Our Jekyll Premium Blog Posting" /><published>2020-05-02T09:16:35+06:00</published><updated>2020-05-02T09:16:35+06:00</updated><id>http://localhost:4000/welcome-to-jekyll</id><content type="html" xml:base="http://localhost:4000/welcome-to-jekyll">&lt;p&gt;You’ll find this post in your &lt;code class=&quot;language-plaintext highlighter-rouge&quot;&gt;_posts&lt;/code&gt; directory. Go ahead and edit it and re-build the site to see your changes. You can rebuild the site in many different ways, but the most common way is to run &lt;code class=&quot;language-plaintext highlighter-rouge&quot;&gt;jekyll serve&lt;/code&gt;, which launches a web server and auto-regenerates your site when a file is updated.&lt;/p&gt;

&lt;p&gt;Jekyll requires blog post files to be named according to the following format:&lt;/p&gt;

&lt;p&gt;&lt;code class=&quot;language-plaintext highlighter-rouge&quot;&gt;YEAR-MONTH-DAY-title.MARKUP&lt;/code&gt;&lt;/p&gt;

&lt;p&gt;Where &lt;code class=&quot;language-plaintext highlighter-rouge&quot;&gt;YEAR&lt;/code&gt; is a four-digit number, &lt;code class=&quot;language-plaintext highlighter-rouge&quot;&gt;MONTH&lt;/code&gt; and &lt;code class=&quot;language-plaintext highlighter-rouge&quot;&gt;DAY&lt;/code&gt; are both two-digit numbers, and &lt;code class=&quot;language-plaintext highlighter-rouge&quot;&gt;MARKUP&lt;/code&gt; is the file extension representing the format used in the file. After that, include the necessary front matter. Take a look at the source for this post to get an idea about how it works.&lt;/p&gt;

&lt;p&gt;Jekyll also offers powerful support for code snippets:&lt;/p&gt;

&lt;figure class=&quot;highlight&quot;&gt;&lt;pre&gt;&lt;code class=&quot;language-ruby&quot; data-lang=&quot;ruby&quot;&gt;&lt;span class=&quot;k&quot;&gt;def&lt;/span&gt; &lt;span class=&quot;nf&quot;&gt;print_hi&lt;/span&gt;&lt;span class=&quot;p&quot;&gt;(&lt;/span&gt;&lt;span class=&quot;nb&quot;&gt;name&lt;/span&gt;&lt;span class=&quot;p&quot;&gt;)&lt;/span&gt;
  &lt;span class=&quot;nb&quot;&gt;puts&lt;/span&gt; &lt;span class=&quot;s2&quot;&gt;&quot;Hi, &lt;/span&gt;&lt;span class=&quot;si&quot;&gt;#{&lt;/span&gt;&lt;span class=&quot;nb&quot;&gt;name&lt;/span&gt;&lt;span class=&quot;si&quot;&gt;}&lt;/span&gt;&lt;span class=&quot;s2&quot;&gt;&quot;&lt;/span&gt;
&lt;span class=&quot;k&quot;&gt;end&lt;/span&gt;
&lt;span class=&quot;n&quot;&gt;print_hi&lt;/span&gt;&lt;span class=&quot;p&quot;&gt;(&lt;/span&gt;&lt;span class=&quot;s1&quot;&gt;'Tom'&lt;/span&gt;&lt;span class=&quot;p&quot;&gt;)&lt;/span&gt;
&lt;span class=&quot;c1&quot;&gt;#=&amp;gt; prints 'Hi, Tom' to STDOUT.&lt;/span&gt;&lt;/code&gt;&lt;/pre&gt;&lt;/figure&gt;

&lt;p&gt;Check out the &lt;a href=&quot;https://jekyllrb.com/docs/home&quot;&gt;Jekyll docs&lt;/a&gt; for more info on how to get the most out of Jekyll. File all bugs/feature requests at &lt;a href=&quot;https://github.com/jekyll/jekyll&quot;&gt;Jekyll’s GitHub repo&lt;/a&gt;. If you have questions, you can ask them on &lt;a href=&quot;https://talk.jekyllrb.com/&quot;&gt;Jekyll Talk&lt;/a&gt;.&lt;/p&gt;</content><author><name>Tortoiz</name></author><category term="jekyll" /><summary type="html">You’ll find this post in your _posts directory. Go ahead and edit it and re-build the site to see your changes. You can rebuild the site in many different ways, but the most common way is to run jekyll serve, which launches a web server and auto-regenerates your site when a file is updated.</summary></entry><entry><title type="html">WordPress hostin manage your growth non</title><link href="http://localhost:4000/wordpress-hosting" rel="alternate" type="text/html" title="WordPress hostin manage your growth non" /><published>2019-03-10T20:37:13+06:00</published><updated>2019-03-10T20:37:13+06:00</updated><id>http://localhost:4000/wordpress-hosting</id><content type="html" xml:base="http://localhost:4000/wordpress-hosting">&lt;p&gt;Must explain to you how all this mistaken idea of denouncing pleasure and praising pain
    was born and I
    will give you a complete
    account of the system &lt;/p&gt;
&lt;p&gt;Wooded direct two men indeed income sister. Impression up admiration he by partiality
    is. Instantly
    immediate his saw one
    day perceived. Old blushes respect but offices hearted minutes effects. Written parties
    winding oh as
    in without on started.
    Residence gentleman yet preserved few convinced... &lt;/p&gt;
&lt;blockquote&gt;Well, duh. USA's Mr. Robot is probably the most accurate and detailed dramatic
    portrayal ever
    made of current hacking practices
    and hacker culture. Its depiction of the cybersecurity community and its broader
    meditation on the
    relationship!&lt;/blockquote&gt;
&lt;h2 class=&quot;blog-title blog-title-sm&quot;&gt;Selecting the Right Chose&lt;/h2&gt;
&lt;p&gt;It's important to stay detail oriented with every project we tackle. Staying focused
    allows us to turn
    every project we complete
    into something we love. We strive to embrace and drive change in our industry which
    allows us to keep
    our clients relevant
    and ready to adapt. As creatives, it's important that we strive to do work outside of
    obligation.&lt;/p&gt;
&lt;p&gt;Hundreds of millions of online accounts were compromised in corporate data breaches, the
    US presidential
    election process
    was plagued by cyber-meddling, internet infrastructure companies faced massive digital
    attacks that
    disrupted web connectivity
    for millions of people!&lt;/p&gt;
&lt;h2 class=&quot;blog-title blog-title-sm&quot;&gt;How to save your dream house in Disaster&lt;/h2&gt;
&lt;p&gt;It's not every day that a network drama puts the ethics and repercussions of bulk
    surveillance at the
    core of its premise,
    but CBS's Person of Interest managed to do it successfully. The show combines
    government surveillance
    to stop terrorist
    attacks with an eccentric hacker billionaire and vigilante justice. &lt;/p&gt;
&lt;p&gt;The story of whistleblower Edward Snowden is the most dramatic spy story of the decade.
    An Oliver Stone
    biopic was inevitable.
    So here it is. As movies almost always do, Snowden eliminates the nuance from this
    complicated and
    controversial story!&lt;/p&gt;
&lt;p&gt;11 time-saving pro tips for web designers working in Webflow11 &lt;a href=&quot;#&quot;&gt;time-saving pro&lt;/a&gt; tips for web designers working in Webflow Consectetuer magna vivamus varius. Faucibus vestibulum faucibus elementum vulputate suscipit. Sit convallis litora nunc, vestibulum nibh tincidunt, in qui vel dui elit feugiat nulla, vehicula eos nec dolor conubia, aliquam proinEtiam id euismod. Purus ut dis feugiat, ac massa error leo sed fermentum, non sem velit eget arcu, lectus luctus congue leo dapibus tincidunt. Nunc vitae quis eu. Sit id ullamcorper semper ridiculus, accumsan augue ullamcorper eros viverra neque, libero est metus libero. Lacinia wisi feugiat tellus neque dui pellentesque, libero Lorem ipsum dolor sit amet, consectetur adipisicing elit. Suscipit est velit similique laborum, cumque aliquam porro dicta debitis repellat, tempore dignissimos, neque ab fuga voluptatibus. Earum numquam repellat sed perspiciatis ratione explicabo, odit! Repellendus voluptatibus nemo praesentium, id facere atque eum! sit nonummy tellus velit vivamus, eu sagittis gravida ut ante. Ut voluptas vestibulum leo pellentesque nulla, taciti congue, vitae nunc metus, imperdiet orci neque sed vestibulum, vestibulum magna ullamcorper posuere massa interdum &lt;/p&gt;
&lt;h4&gt;Risus sociis urna elementum ultricies justo quisque &lt;/h4&gt;
&lt;p&gt; mattis in eros facilisis mauris vestibulum sed, luctus proin nibh nonummy integer, nullam sit eget cum duis. Et sodales blandit, libero pede suscipit, tincidunt amet ultricies vitae dui tempor &lt;/p&gt;
&lt;blockquote class=&quot;blockquote single-quote&quot;&gt;
  &lt;p&gt; Lorem ipsum dolor sit amet, consectetur adipisicing elit. Quo non labore totam tempora sed neque repellat numquam eaque inventore! Iusto saepe ipsum, ex, commodi asperiores iure dolores amet dolorem eos voluptatum, aliquid incidunt non perferendis earum dignissimos quod iste accusantium deleniti.Risus sociis urna elementum ultricies justo quisque, mattis in eros facilisis mauris vestibulum sed, luctus proin nibh nonummy integer, nullam sit eget cum duis. Et sodales blandit, libero pede suscipit, tincidunt amet &lt;/p&gt;
&lt;/blockquote&gt;
&lt;h4&gt;Lorem ipsum dolor sit amet, consectetur adipisicing elit.&lt;/h4&gt;
&lt;p&gt;eleifend hac porta faucibus aliquam eros, massa facilisis, sed pede maecenas porttitor id magnis. Ac sed aliquam in felis amet, adipiscing pede a amet faucibus sit, quis in et ullamcorper vel commodo. Volutpat ut pede sem ipsum non, sapien adipiscing, suspendisse neque, quis dolor donec dolor. Sit voluptatibus, scelerisque in semper lacus nostra, ac integer dolor mauris tempus eget&lt;/p&gt;

&lt;p&gt;Accumsan augue ullamcorper eros viverra neque, libero est metus libero. Lacinia wisi feugiat tellus neque dui pellentesque, libero Lorem ipsum dolor sit amet, consectetur adipisicing elit. Suscipit est velit similique laborum, cumque aliquam porro dicta debitis repellat, tempore dignissimos, neque ab fuga voluptatibus. Earum numquam repellat sed perspiciatis ratione explicabo, odit! Repellendus voluptatibus nemo praesentium&lt;/p&gt;

&lt;p&gt;&lt;b&gt;augue ullamcorper eros viverra neque, libero est metus libero. Lacinia wisi feugiat tellus neque dui pellentesque, libero Lorem ipsum dolor sit amet, consectetur adipisicing elit. Suscipit est velit similique laborum, cumque aliquam porro dicta debitis repellat, tempore dignissimos, neque ab fuga voluptatibus. Earum numquam repellat sed perspiciatis ratione explicabo, odit! Repellendus voluptatibus nemo praesentiumaugue ullamcorper eros viverra neque, libero est metus libero. Lacinia wisi feugiat tellus neque dui pellentesque, libero Lorem ipsum dolor sit amet, consectetur adipisicing elit. Suscipit est velit similique laborum, cumque aliquam porro dicta debitis repellat, tempore dignissimos, neque ab fuga voluptatibus. Earum numquam repellat sed perspiciatis ratione explicabo, odit! Repellendus voluptatibus nemo praesentium  &lt;/b&gt;&lt;/p&gt;
&lt;p&gt;11 time-saving pro tips for web designers working in Webflow11 &lt;a href=&quot;#&quot;&gt;time-saving pro&lt;/a&gt; tips for web designers working in Webflow Consectetuer magna vivamus varius. Faucibus vestibulum faucibus elementum vulputate suscipit. Sit convallis litora nunc, vestibulum nibh tincidunt, in qui vel dui elit feugiat nulla, vehicula eos nec dolor conubia, aliquam proinEtiam id euismod. Purus ut dis feugiat, ac massa error leo sed fermentum, non sem velit eget arcu, lectus luctus congue leo dapibus tincidunt. Nunc vitae quis eu. Sit id ullamcorper semper ridiculus, accumsan augue ullamcorper eros viverra neque, libero est metus libero. Lacinia wisi feugiat tellus neque dui pellentesque, libero Lorem ipsum dolor sit amet, consectetur adipisicing elit. Suscipit est velit similique laborum, cumque aliquam porro dicta debitis repellat, tempore dignissimos, neque ab fuga voluptatibus. Earum numquam repellat sed perspiciatis ratione explicabo, odit! Repellendus voluptatibus nemo praesentium, id facere atque eum! sit nonummy tellus velit vivamus, eu sagittis gravida ut ante. Ut voluptas vestibulum leo pellentesque nulla, taciti congue, vitae nunc metus, imperdiet orci neque sed vestibulum, vestibulum magna ullamcorper posuere massa interdum &lt;/p&gt;
&lt;h4&gt;Risus sociis urna elementum ultricies justo quisque &lt;/h4&gt;
&lt;p&gt; mattis in eros facilisis mauris vestibulum sed, luctus proin nibh nonummy integer, nullam sit eget cum duis. Et sodales blandit, libero pede suscipit, tincidunt amet ultricies vitae dui tempor &lt;/p&gt;
&lt;blockquote class=&quot;blockquote single-quote&quot;&gt;
  &lt;p&gt; Lorem ipsum dolor sit amet, consectetur adipisicing elit. Quo non labore totam tempora sed neque repellat numquam eaque inventore! Iusto saepe ipsum, ex, commodi asperiores iure dolores amet dolorem eos voluptatum, aliquid incidunt non perferendis earum dignissimos quod iste accusantium deleniti.Risus sociis urna elementum ultricies justo quisque, mattis in eros facilisis mauris vestibulum sed, luctus proin nibh nonummy integer, nullam sit eget cum duis. Et sodales blandit, libero pede suscipit, tincidunt amet &lt;/p&gt;
&lt;/blockquote&gt;
&lt;h4&gt;Lorem ipsum dolor sit amet, consectetur adipisicing elit.&lt;/h4&gt;
&lt;p&gt;eleifend hac porta faucibus aliquam eros, massa facilisis, sed pede maecenas porttitor id magnis. Ac sed aliquam in felis amet, adipiscing pede a amet faucibus sit, quis in et ullamcorper vel commodo. Volutpat ut pede sem ipsum non, sapien adipiscing, suspendisse neque, quis dolor donec dolor. Sit voluptatibus, scelerisque in semper lacus nostra, ac integer dolor mauris tempus eget&lt;/p&gt;

&lt;p&gt;Accumsan augue ullamcorper eros viverra neque, libero est metus libero. Lacinia wisi feugiat tellus neque dui pellentesque, libero Lorem ipsum dolor sit amet, consectetur adipisicing elit. Suscipit est velit similique laborum, cumque aliquam porro dicta debitis repellat, tempore dignissimos, neque ab fuga voluptatibus. Earum numquam repellat sed perspiciatis ratione explicabo, odit! Repellendus voluptatibus nemo praesentium&lt;/p&gt;

&lt;p&gt;&lt;b&gt;augue ullamcorper eros viverra neque, libero est metus libero. Lacinia wisi feugiat tellus neque dui pellentesque, libero Lorem ipsum dolor sit amet, consectetur adipisicing elit. Suscipit est velit similique laborum, cumque aliquam porro dicta debitis repellat, tempore dignissimos, neque ab fuga voluptatibus. Earum numquam repellat sed perspiciatis ratione explicabo, odit! Repellendus voluptatibus nemo praesentiumaugue ullamcorper eros viverra neque, libero est metus libero. Lacinia wisi feugiat tellus neque dui pellentesque, libero Lorem ipsum dolor sit amet, consectetur adipisicing elit. Suscipit est velit similique laborum, cumque aliquam porro dicta debitis repellat, tempore dignissimos, neque ab fuga voluptatibus. Earum numquam repellat sed perspiciatis ratione explicabo, odit! Repellendus voluptatibus nemo praesentium  &lt;/b&gt;&lt;/p&gt;</content><author><name>Tortoiz</name></author><category term="wordpress" /><category term="wordpress" /><category term="hosting" /><summary type="html">Must explain to you how all this mistaken idea of denouncing pleasure and praising pain was born and I will give you a complete account of the system Wooded direct two men indeed income sister. Impression up admiration he by partiality is. Instantly immediate his saw one day perceived. Old blushes respect but offices hearted minutes effects. Written parties winding oh as in without on started. Residence gentleman yet preserved few convinced... Well, duh. USA's Mr. Robot is probably the most accurate and detailed dramatic portrayal ever made of current hacking practices and hacker culture. Its depiction of the cybersecurity community and its broader meditation on the relationship! Selecting the Right Chose It's important to stay detail oriented with every project we tackle. Staying focused allows us to turn every project we complete into something we love. We strive to embrace and drive change in our industry which allows us to keep our clients relevant and ready to adapt. As creatives, it's important that we strive to do work outside of obligation. Hundreds of millions of online accounts were compromised in corporate data breaches, the US presidential election process was plagued by cyber-meddling, internet infrastructure companies faced massive digital attacks that disrupted web connectivity for millions of people! How to save your dream house in Disaster It's not every day that a network drama puts the ethics and repercussions of bulk surveillance at the core of its premise, but CBS's Person of Interest managed to do it successfully. The show combines government surveillance to stop terrorist attacks with an eccentric hacker billionaire and vigilante justice. The story of whistleblower Edward Snowden is the most dramatic spy story of the decade. An Oliver Stone biopic was inevitable. So here it is. As movies almost always do, Snowden eliminates the nuance from this complicated and controversial story! 11 time-saving pro tips for web designers working in Webflow11 time-saving pro tips for web designers working in Webflow Consectetuer magna vivamus varius. Faucibus vestibulum faucibus elementum vulputate suscipit. Sit convallis litora nunc, vestibulum nibh tincidunt, in qui vel dui elit feugiat nulla, vehicula eos nec dolor conubia, aliquam proinEtiam id euismod. Purus ut dis feugiat, ac massa error leo sed fermentum, non sem velit eget arcu, lectus luctus congue leo dapibus tincidunt. Nunc vitae quis eu. Sit id ullamcorper semper ridiculus, accumsan augue ullamcorper eros viverra neque, libero est metus libero. Lacinia wisi feugiat tellus neque dui pellentesque, libero Lorem ipsum dolor sit amet, consectetur adipisicing elit. Suscipit est velit similique laborum, cumque aliquam porro dicta debitis repellat, tempore dignissimos, neque ab fuga voluptatibus. Earum numquam repellat sed perspiciatis ratione explicabo, odit! Repellendus voluptatibus nemo praesentium, id facere atque eum! sit nonummy tellus velit vivamus, eu sagittis gravida ut ante. Ut voluptas vestibulum leo pellentesque nulla, taciti congue, vitae nunc metus, imperdiet orci neque sed vestibulum, vestibulum magna ullamcorper posuere massa interdum Risus sociis urna elementum ultricies justo quisque mattis in eros facilisis mauris vestibulum sed, luctus proin nibh nonummy integer, nullam sit eget cum duis. Et sodales blandit, libero pede suscipit, tincidunt amet ultricies vitae dui tempor Lorem ipsum dolor sit amet, consectetur adipisicing elit. Quo non labore totam tempora sed neque repellat numquam eaque inventore! Iusto saepe ipsum, ex, commodi asperiores iure dolores amet dolorem eos voluptatum, aliquid incidunt non perferendis earum dignissimos quod iste accusantium deleniti.Risus sociis urna elementum ultricies justo quisque, mattis in eros facilisis mauris vestibulum sed, luctus proin nibh nonummy integer, nullam sit eget cum duis. Et sodales blandit, libero pede suscipit, tincidunt amet Lorem ipsum dolor sit amet, consectetur adipisicing elit. eleifend hac porta faucibus aliquam eros, massa facilisis, sed pede maecenas porttitor id magnis. Ac sed aliquam in felis amet, adipiscing pede a amet faucibus sit, quis in et ullamcorper vel commodo. Volutpat ut pede sem ipsum non, sapien adipiscing, suspendisse neque, quis dolor donec dolor. Sit voluptatibus, scelerisque in semper lacus nostra, ac integer dolor mauris tempus eget</summary></entry><entry><title type="html">html5 Static Site Generator For All amet facilisis</title><link href="http://localhost:4000/html5-static-site" rel="alternate" type="text/html" title="html5 Static Site Generator For All amet facilisis" /><published>2019-03-09T20:37:13+06:00</published><updated>2019-03-09T20:37:13+06:00</updated><id>http://localhost:4000/html5-static-site</id><content type="html" xml:base="http://localhost:4000/html5-static-site">&lt;h6&gt;html5 Static Site Generator For All amet facilisis &lt;/h6&gt;
&lt;p&gt;11 time-saving pro tips for web designers working in Webflow11 &lt;a href=&quot;#&quot;&gt;time-saving pro&lt;/a&gt; tips for web designers working in Webflow Consectetuer magna vivamus varius. Faucibus vestibulum faucibus elementum vulputate suscipit. Sit convallis litora nunc, vestibulum nibh tincidunt, in qui vel dui elit feugiat nulla, vehicula eos nec dolor conubia, aliquam proinEtiam id euismod. Purus ut dis feugiat, ac massa error leo sed fermentum, non sem velit eget arcu, lectus luctus congue leo dapibus tincidunt. Nunc vitae quis eu. Sit id ullamcorper semper ridiculus, accumsan augue ullamcorper eros viverra neque, libero est metus libero. Lacinia wisi feugiat tellus neque dui pellentesque, libero Lorem ipsum dolor sit amet, consectetur adipisicing elit. Suscipit est velit similique laborum, cumque aliquam porro dicta debitis repellat, tempore dignissimos, neque ab fuga voluptatibus. Earum numquam repellat sed perspiciatis ratione explicabo, odit! Repellendus voluptatibus nemo praesentium, id facere atque eum! sit nonummy tellus velit vivamus, eu sagittis gravida ut ante. Ut voluptas vestibulum leo pellentesque nulla, taciti congue, vitae nunc metus, imperdiet orci neque sed vestibulum, vestibulum magna ullamcorper posuere massa interdum &lt;/p&gt;
&lt;h4&gt;Risus sociis urna elementum ultricies justo quisque &lt;/h4&gt;
&lt;p&gt; mattis in eros facilisis mauris vestibulum sed, luctus proin nibh nonummy integer, nullam sit eget cum duis. Et sodales blandit, libero pede suscipit, tincidunt amet ultricies vitae dui tempor &lt;/p&gt;
&lt;blockquote class=&quot;blockquote single-quote&quot;&gt;
  &lt;p&gt; Lorem ipsum dolor sit amet, consectetur adipisicing elit. Quo non labore totam tempora sed neque repellat numquam eaque inventore! Iusto saepe ipsum, ex, commodi asperiores iure dolores amet dolorem eos voluptatum, aliquid incidunt non perferendis earum dignissimos quod iste accusantium deleniti.Risus sociis urna elementum ultricies justo quisque, mattis in eros facilisis mauris vestibulum sed, luctus proin nibh nonummy integer, nullam sit eget cum duis. Et sodales blandit, libero pede suscipit, tincidunt amet &lt;/p&gt;
&lt;/blockquote&gt;
&lt;h4&gt;Lorem ipsum dolor sit amet, consectetur adipisicing elit.&lt;/h4&gt;
&lt;p&gt;eleifend hac porta faucibus aliquam eros, massa facilisis, sed pede maecenas porttitor id magnis. Ac sed aliquam in felis amet, adipiscing pede a amet faucibus sit, quis in et ullamcorper vel commodo. Volutpat ut pede sem ipsum non, sapien adipiscing, suspendisse neque, quis dolor donec dolor. Sit voluptatibus, scelerisque in semper lacus nostra, ac integer dolor mauris tempus eget&lt;/p&gt;

&lt;p&gt;Accumsan augue ullamcorper eros viverra neque, libero est metus libero. Lacinia wisi feugiat tellus neque dui pellentesque, libero Lorem ipsum dolor sit amet, consectetur adipisicing elit. Suscipit est velit similique laborum, cumque aliquam porro dicta debitis repellat, tempore dignissimos, neque ab fuga voluptatibus. Earum numquam repellat sed perspiciatis ratione explicabo, odit! Repellendus voluptatibus nemo praesentium&lt;/p&gt;

&lt;p&gt;&lt;b&gt;augue ullamcorper eros viverra neque, libero est metus libero. Lacinia wisi feugiat tellus neque dui pellentesque, libero Lorem ipsum dolor sit amet, consectetur adipisicing elit. Suscipit est velit similique laborum, cumque aliquam porro dicta debitis repellat, tempore dignissimos, neque ab fuga voluptatibus. Earum numquam repellat sed perspiciatis ratione explicabo, odit! Repellendus voluptatibus nemo praesentiumaugue ullamcorper eros viverra neque, libero est metus libero. Lacinia wisi feugiat tellus neque dui pellentesque, libero Lorem ipsum dolor sit amet, consectetur adipisicing elit. Suscipit est velit similique laborum, cumque aliquam porro dicta debitis repellat, tempore dignissimos, neque ab fuga voluptatibus. Earum numquam repellat sed perspiciatis ratione explicabo, odit! Repellendus voluptatibus nemo praesentium  &lt;/b&gt;&lt;/p&gt;
&lt;p&gt;11 time-saving pro tips for web designers working in Webflow11 &lt;a href=&quot;#&quot;&gt;time-saving pro&lt;/a&gt; tips for web designers working in Webflow Consectetuer magna vivamus varius. Faucibus vestibulum faucibus elementum vulputate suscipit. Sit convallis litora nunc, vestibulum nibh tincidunt, in qui vel dui elit feugiat nulla, vehicula eos nec dolor conubia, aliquam proinEtiam id euismod. Purus ut dis feugiat, ac massa error leo sed fermentum, non sem velit eget arcu, lectus luctus congue leo dapibus tincidunt. Nunc vitae quis eu. Sit id ullamcorper semper ridiculus, accumsan augue ullamcorper eros viverra neque, libero est metus libero. Lacinia wisi feugiat tellus neque dui pellentesque, libero Lorem ipsum dolor sit amet, consectetur adipisicing elit. Suscipit est velit similique laborum, cumque aliquam porro dicta debitis repellat, tempore dignissimos, neque ab fuga voluptatibus. Earum numquam repellat sed perspiciatis ratione explicabo, odit! Repellendus voluptatibus nemo praesentium, id facere atque eum! sit nonummy tellus velit vivamus, eu sagittis gravida ut ante. Ut voluptas vestibulum leo pellentesque nulla, taciti congue, vitae nunc metus, imperdiet orci neque sed vestibulum, vestibulum magna ullamcorper posuere massa interdum &lt;/p&gt;
&lt;h4&gt;Risus sociis urna elementum ultricies justo quisque &lt;/h4&gt;
&lt;p&gt; mattis in eros facilisis mauris vestibulum sed, luctus proin nibh nonummy integer, nullam sit eget cum duis. Et sodales blandit, libero pede suscipit, tincidunt amet ultricies vitae dui tempor &lt;/p&gt;
&lt;blockquote class=&quot;blockquote single-quote&quot;&gt;
  &lt;p&gt; Lorem ipsum dolor sit amet, consectetur adipisicing elit. Quo non labore totam tempora sed neque repellat numquam eaque inventore! Iusto saepe ipsum, ex, commodi asperiores iure dolores amet dolorem eos voluptatum, aliquid incidunt non perferendis earum dignissimos quod iste accusantium deleniti.Risus sociis urna elementum ultricies justo quisque, mattis in eros facilisis mauris vestibulum sed, luctus proin nibh nonummy integer, nullam sit eget cum duis. Et sodales blandit, libero pede suscipit, tincidunt amet &lt;/p&gt;
&lt;/blockquote&gt;
&lt;h4&gt;Lorem ipsum dolor sit amet, consectetur adipisicing elit.&lt;/h4&gt;
&lt;p&gt;eleifend hac porta faucibus aliquam eros, massa facilisis, sed pede maecenas porttitor id magnis. Ac sed aliquam in felis amet, adipiscing pede a amet faucibus sit, quis in et ullamcorper vel commodo. Volutpat ut pede sem ipsum non, sapien adipiscing, suspendisse neque, quis dolor donec dolor. Sit voluptatibus, scelerisque in semper lacus nostra, ac integer dolor mauris tempus eget&lt;/p&gt;

&lt;p&gt;Accumsan augue ullamcorper eros viverra neque, libero est metus libero. Lacinia wisi feugiat tellus neque dui pellentesque, libero Lorem ipsum dolor sit amet, consectetur adipisicing elit. Suscipit est velit similique laborum, cumque aliquam porro dicta debitis repellat, tempore dignissimos, neque ab fuga voluptatibus. Earum numquam repellat sed perspiciatis ratione explicabo, odit! Repellendus voluptatibus nemo praesentium&lt;/p&gt;

&lt;p&gt;&lt;b&gt;augue ullamcorper eros viverra neque, libero est metus libero. Lacinia wisi feugiat tellus neque dui pellentesque, libero Lorem ipsum dolor sit amet, consectetur adipisicing elit. Suscipit est velit similique laborum, cumque aliquam porro dicta debitis repellat, tempore dignissimos, neque ab fuga voluptatibus. Earum numquam repellat sed perspiciatis ratione explicabo, odit! Repellendus voluptatibus nemo praesentiumaugue ullamcorper eros viverra neque, libero est metus libero. Lacinia wisi feugiat tellus neque dui pellentesque, libero Lorem ipsum dolor sit amet, consectetur adipisicing elit. Suscipit est velit similique laborum, cumque aliquam porro dicta debitis repellat, tempore dignissimos, neque ab fuga voluptatibus. Earum numquam repellat sed perspiciatis ratione explicabo, odit! Repellendus voluptatibus nemo praesentium  &lt;/b&gt;&lt;/p&gt;</content><author><name>aron potts</name></author><category term="education" /><category term="tech" /><category term="wordpress" /><category term="hosting" /><summary type="html">html5 Static Site Generator For All amet facilisis 11 time-saving pro tips for web designers working in Webflow11 time-saving pro tips for web designers working in Webflow Consectetuer magna vivamus varius. Faucibus vestibulum faucibus elementum vulputate suscipit. Sit convallis litora nunc, vestibulum nibh tincidunt, in qui vel dui elit feugiat nulla, vehicula eos nec dolor conubia, aliquam proinEtiam id euismod. Purus ut dis feugiat, ac massa error leo sed fermentum, non sem velit eget arcu, lectus luctus congue leo dapibus tincidunt. Nunc vitae quis eu. Sit id ullamcorper semper ridiculus, accumsan augue ullamcorper eros viverra neque, libero est metus libero. Lacinia wisi feugiat tellus neque dui pellentesque, libero Lorem ipsum dolor sit amet, consectetur adipisicing elit. Suscipit est velit similique laborum, cumque aliquam porro dicta debitis repellat, tempore dignissimos, neque ab fuga voluptatibus. Earum numquam repellat sed perspiciatis ratione explicabo, odit! Repellendus voluptatibus nemo praesentium, id facere atque eum! sit nonummy tellus velit vivamus, eu sagittis gravida ut ante. Ut voluptas vestibulum leo pellentesque nulla, taciti congue, vitae nunc metus, imperdiet orci neque sed vestibulum, vestibulum magna ullamcorper posuere massa interdum Risus sociis urna elementum ultricies justo quisque mattis in eros facilisis mauris vestibulum sed, luctus proin nibh nonummy integer, nullam sit eget cum duis. Et sodales blandit, libero pede suscipit, tincidunt amet ultricies vitae dui tempor Lorem ipsum dolor sit amet, consectetur adipisicing elit. Quo non labore totam tempora sed neque repellat numquam eaque inventore! Iusto saepe ipsum, ex, commodi asperiores iure dolores amet dolorem eos voluptatum, aliquid incidunt non perferendis earum dignissimos quod iste accusantium deleniti.Risus sociis urna elementum ultricies justo quisque, mattis in eros facilisis mauris vestibulum sed, luctus proin nibh nonummy integer, nullam sit eget cum duis. Et sodales blandit, libero pede suscipit, tincidunt amet Lorem ipsum dolor sit amet, consectetur adipisicing elit. eleifend hac porta faucibus aliquam eros, massa facilisis, sed pede maecenas porttitor id magnis. Ac sed aliquam in felis amet, adipiscing pede a amet faucibus sit, quis in et ullamcorper vel commodo. Volutpat ut pede sem ipsum non, sapien adipiscing, suspendisse neque, quis dolor donec dolor. Sit voluptatibus, scelerisque in semper lacus nostra, ac integer dolor mauris tempus eget</summary></entry><entry><title type="html">Alternative Free Way To Be A Prodessional Designer</title><link href="http://localhost:4000/alternative-for-free" rel="alternate" type="text/html" title="Alternative Free Way To Be A Prodessional Designer" /><published>2019-02-09T20:37:13+06:00</published><updated>2019-02-09T20:37:13+06:00</updated><id>http://localhost:4000/alternative-for-free</id><content type="html" xml:base="http://localhost:4000/alternative-for-free">&lt;h4&gt;Alternative Free Way To Be A Prodessional Designer &lt;/h4&gt;
&lt;p&gt;11 time-saving pro tips for web designers working in Webflow11 &lt;a href=&quot;#&quot;&gt;time-saving pro&lt;/a&gt; tips for web designers working in Webflow Consectetuer magna vivamus varius. Faucibus vestibulum faucibus elementum vulputate suscipit. Sit convallis litora nunc, vestibulum nibh tincidunt, in qui vel dui elit feugiat nulla, vehicula eos nec dolor conubia, aliquam proinEtiam id euismod. Purus ut dis feugiat, ac massa error leo sed fermentum, non sem velit eget arcu, lectus luctus congue leo dapibus tincidunt. Nunc vitae quis eu. Sit id ullamcorper semper ridiculus, accumsan augue ullamcorper eros viverra neque, libero est metus libero. Lacinia wisi feugiat tellus neque dui pellentesque, libero Lorem ipsum dolor sit amet, consectetur adipisicing elit. Suscipit est velit similique laborum, cumque aliquam porro dicta debitis repellat, tempore dignissimos, neque ab fuga voluptatibus. Earum numquam repellat sed perspiciatis ratione explicabo, odit! Repellendus voluptatibus nemo praesentium, id facere atque eum! sit nonummy tellus velit vivamus, eu sagittis gravida ut ante. Ut voluptas vestibulum leo pellentesque nulla, taciti congue, vitae nunc metus, imperdiet orci neque sed vestibulum, vestibulum magna ullamcorper posuere massa interdum &lt;/p&gt;
&lt;h4&gt;Risus sociis urna elementum ultricies justo quisque &lt;/h4&gt;
&lt;p&gt; mattis in eros facilisis mauris vestibulum sed, luctus proin nibh nonummy integer, nullam sit eget cum duis. Et sodales blandit, libero pede suscipit, tincidunt amet ultricies vitae dui tempor &lt;/p&gt;
&lt;blockquote class=&quot;blockquote single-quote&quot;&gt;
  &lt;p&gt; Lorem ipsum dolor sit amet, consectetur adipisicing elit. Quo non labore totam tempora sed neque repellat numquam eaque inventore! Iusto saepe ipsum, ex, commodi asperiores iure dolores amet dolorem eos voluptatum, aliquid incidunt non perferendis earum dignissimos quod iste accusantium deleniti.Risus sociis urna elementum ultricies justo quisque, mattis in eros facilisis mauris vestibulum sed, luctus proin nibh nonummy integer, nullam sit eget cum duis. Et sodales blandit, libero pede suscipit, tincidunt amet &lt;/p&gt;
&lt;/blockquote&gt;
&lt;h4&gt;Lorem ipsum dolor sit amet, consectetur adipisicing elit.&lt;/h4&gt;
&lt;p&gt;eleifend hac porta faucibus aliquam eros, massa facilisis, sed pede maecenas porttitor id magnis. Ac sed aliquam in felis amet, adipiscing pede a amet faucibus sit, quis in et ullamcorper vel commodo. Volutpat ut pede sem ipsum non, sapien adipiscing, suspendisse neque, quis dolor donec dolor. Sit voluptatibus, scelerisque in semper lacus nostra, ac integer dolor mauris tempus eget&lt;/p&gt;

&lt;p&gt;Accumsan augue ullamcorper eros viverra neque, libero est metus libero. Lacinia wisi feugiat tellus neque dui pellentesque, libero Lorem ipsum dolor sit amet, consectetur adipisicing elit. Suscipit est velit similique laborum, cumque aliquam porro dicta debitis repellat, tempore dignissimos, neque ab fuga voluptatibus. Earum numquam repellat sed perspiciatis ratione explicabo, odit! Repellendus voluptatibus nemo praesentium&lt;/p&gt;</content><author><name>Tortoiz</name></author><category term="tech" /><category term="technology" /><category term="education" /><summary type="html">Alternative Free Way To Be A Prodessional Designer 11 time-saving pro tips for web designers working in Webflow11 time-saving pro tips for web designers working in Webflow Consectetuer magna vivamus varius. Faucibus vestibulum faucibus elementum vulputate suscipit. Sit convallis litora nunc, vestibulum nibh tincidunt, in qui vel dui elit feugiat nulla, vehicula eos nec dolor conubia, aliquam proinEtiam id euismod. Purus ut dis feugiat, ac massa error leo sed fermentum, non sem velit eget arcu, lectus luctus congue leo dapibus tincidunt. Nunc vitae quis eu. Sit id ullamcorper semper ridiculus, accumsan augue ullamcorper eros viverra neque, libero est metus libero. Lacinia wisi feugiat tellus neque dui pellentesque, libero Lorem ipsum dolor sit amet, consectetur adipisicing elit. Suscipit est velit similique laborum, cumque aliquam porro dicta debitis repellat, tempore dignissimos, neque ab fuga voluptatibus. Earum numquam repellat sed perspiciatis ratione explicabo, odit! Repellendus voluptatibus nemo praesentium, id facere atque eum! sit nonummy tellus velit vivamus, eu sagittis gravida ut ante. Ut voluptas vestibulum leo pellentesque nulla, taciti congue, vitae nunc metus, imperdiet orci neque sed vestibulum, vestibulum magna ullamcorper posuere massa interdum Risus sociis urna elementum ultricies justo quisque mattis in eros facilisis mauris vestibulum sed, luctus proin nibh nonummy integer, nullam sit eget cum duis. Et sodales blandit, libero pede suscipit, tincidunt amet ultricies vitae dui tempor Lorem ipsum dolor sit amet, consectetur adipisicing elit. Quo non labore totam tempora sed neque repellat numquam eaque inventore! Iusto saepe ipsum, ex, commodi asperiores iure dolores amet dolorem eos voluptatum, aliquid incidunt non perferendis earum dignissimos quod iste accusantium deleniti.Risus sociis urna elementum ultricies justo quisque, mattis in eros facilisis mauris vestibulum sed, luctus proin nibh nonummy integer, nullam sit eget cum duis. Et sodales blandit, libero pede suscipit, tincidunt amet Lorem ipsum dolor sit amet, consectetur adipisicing elit. eleifend hac porta faucibus aliquam eros, massa facilisis, sed pede maecenas porttitor id magnis. Ac sed aliquam in felis amet, adipiscing pede a amet faucibus sit, quis in et ullamcorper vel commodo. Volutpat ut pede sem ipsum non, sapien adipiscing, suspendisse neque, quis dolor donec dolor. Sit voluptatibus, scelerisque in semper lacus nostra, ac integer dolor mauris tempus eget</summary></entry><entry><title type="html">Just Trying And Enjoying magna etiam</title><link href="http://localhost:4000/just-trying" rel="alternate" type="text/html" title="Just Trying And Enjoying magna etiam" /><published>2019-02-09T20:37:13+06:00</published><updated>2019-02-09T20:37:13+06:00</updated><id>http://localhost:4000/just-trying</id><content type="html" xml:base="http://localhost:4000/just-trying">&lt;p&gt;&lt;b&gt;augue ullamcorper eros viverra neque, libero est metus libero. Lacinia wisi feugiat tellus neque dui pellentesque, libero Lorem ipsum dolor sit amet, consectetur adipisicing elit. Suscipit est velit similique laborum, cumque aliquam porro dicta debitis repellat, tempore dignissimos, neque ab fuga voluptatibus. Earum numquam repellat sed perspiciatis ratione explicabo, odit! Repellendus voluptatibus nemo praesentium&lt;b&gt;&lt;/b&gt;&lt;/b&gt;&lt;/p&gt;
&lt;p&gt;11 time-saving pro tips for web designers working in Webflow11 &lt;a href=&quot;#&quot;&gt;time-saving pro&lt;/a&gt; tips for web designers working in Webflow Consectetuer magna vivamus varius. Faucibus vestibulum faucibus elementum vulputate suscipit. Sit convallis litora nunc, vestibulum nibh tincidunt, in qui vel dui elit feugiat nulla, vehicula eos nec dolor conubia, aliquam proinEtiam id euismod. Purus ut dis feugiat, ac massa error leo sed fermentum, non sem velit eget arcu, lectus luctus congue leo dapibus tincidunt. Nunc vitae quis eu. Sit id ullamcorper semper ridiculus, accumsan augue ullamcorper eros viverra neque, libero est metus libero. Lacinia wisi feugiat tellus neque dui pellentesque, libero Lorem ipsum dolor sit amet, consectetur adipisicing elit. Suscipit est velit similique laborum, cumque aliquam porro dicta debitis repellat, tempore dignissimos, neque ab fuga voluptatibus. Earum numquam repellat sed perspiciatis ratione explicabo, odit! Repellendus voluptatibus nemo praesentium, id facere atque eum! sit nonummy tellus velit vivamus, eu sagittis gravida ut ante. Ut voluptas vestibulum leo pellentesque nulla, taciti congue, vitae nunc metus, imperdiet orci neque sed vestibulum, vestibulum magna ullamcorper posuere massa interdum &lt;/p&gt;
&lt;h4&gt;Risus sociis urna elementum ultricies justo quisque &lt;/h4&gt;
&lt;p&gt; mattis in eros facilisis mauris vestibulum sed, luctus proin nibh nonummy integer, nullam sit eget cum duis. Et sodales blandit, libero pede suscipit, tincidunt amet ultricies vitae dui tempor &lt;/p&gt;
&lt;blockquote class=&quot;blockquote single-quote&quot;&gt;
  &lt;p&gt; Lorem ipsum dolor sit amet, consectetur adipisicing elit. Quo non labore totam tempora sed neque repellat numquam eaque inventore! Iusto saepe ipsum, ex, commodi asperiores iure dolores amet dolorem eos voluptatum, aliquid incidunt non perferendis earum dignissimos quod iste accusantium deleniti.Risus sociis urna elementum ultricies justo quisque, mattis in eros facilisis mauris vestibulum sed, luctus proin nibh nonummy integer, nullam sit eget cum duis. Et sodales blandit, libero pede suscipit, tincidunt amet &lt;/p&gt;
&lt;/blockquote&gt;
&lt;h4&gt;Lorem ipsum dolor sit amet, consectetur adipisicing elit.&lt;/h4&gt;
&lt;p&gt;eleifend hac porta faucibus aliquam eros, massa facilisis, sed pede maecenas porttitor id magnis. Ac sed aliquam in felis amet, adipiscing pede a amet faucibus sit, quis in et ullamcorper vel commodo. Volutpat ut pede sem ipsum non, sapien adipiscing, suspendisse neque, quis dolor donec dolor. Sit voluptatibus, scelerisque in semper lacus nostra, ac integer dolor mauris tempus eget&lt;/p&gt;

&lt;p&gt;Accumsan augue ullamcorper eros viverra neque, libero est metus libero. Lacinia wisi feugiat tellus neque dui pellentesque, libero Lorem ipsum dolor sit amet, consectetur adipisicing elit. Suscipit est velit similique laborum, cumque aliquam porro dicta debitis repellat, tempore dignissimos, neque ab fuga voluptatibus. Earum numquam repellat sed perspiciatis ratione explicabo, odit! Repellendus voluptatibus nemo praesentium&lt;/p&gt;

&lt;p&gt;&lt;b&gt;augue ullamcorper eros viverra neque, libero est metus libero. Lacinia wisi feugiat tellus neque dui pellentesque, libero Lorem ipsum dolor sit amet, consectetur adipisicing elit. Suscipit est velit similique laborum, cumque aliquam porro dicta debitis repellat, tempore dignissimos, neque ab fuga voluptatibus. Earum numquam repellat sed perspiciatis ratione explicabo, odit! Repellendus voluptatibus nemo praesentiumaugue ullamcorper eros viverra neque, libero est metus libero. Lacinia wisi feugiat tellus neque dui pellentesque, libero Lorem ipsum dolor sit amet, consectetur adipisicing elit. Suscipit est velit similique laborum, cumque aliquam porro dicta debitis repellat, tempore dignissimos, neque ab fuga voluptatibus. Earum numquam repellat sed perspiciatis ratione explicabo, odit! Repellendus voluptatibus nemo praesentium  &lt;/b&gt;&lt;/p&gt;</content><author><name>Tortoiz</name></author><category term="tech" /><category term="technology" /><category term="education" /><summary type="html">augue ullamcorper eros viverra neque, libero est metus libero. Lacinia wisi feugiat tellus neque dui pellentesque, libero Lorem ipsum dolor sit amet, consectetur adipisicing elit. Suscipit est velit similique laborum, cumque aliquam porro dicta debitis repellat, tempore dignissimos, neque ab fuga voluptatibus. Earum numquam repellat sed perspiciatis ratione explicabo, odit! Repellendus voluptatibus nemo praesentium 11 time-saving pro tips for web designers working in Webflow11 time-saving pro tips for web designers working in Webflow Consectetuer magna vivamus varius. Faucibus vestibulum faucibus elementum vulputate suscipit. Sit convallis litora nunc, vestibulum nibh tincidunt, in qui vel dui elit feugiat nulla, vehicula eos nec dolor conubia, aliquam proinEtiam id euismod. Purus ut dis feugiat, ac massa error leo sed fermentum, non sem velit eget arcu, lectus luctus congue leo dapibus tincidunt. Nunc vitae quis eu. Sit id ullamcorper semper ridiculus, accumsan augue ullamcorper eros viverra neque, libero est metus libero. Lacinia wisi feugiat tellus neque dui pellentesque, libero Lorem ipsum dolor sit amet, consectetur adipisicing elit. Suscipit est velit similique laborum, cumque aliquam porro dicta debitis repellat, tempore dignissimos, neque ab fuga voluptatibus. Earum numquam repellat sed perspiciatis ratione explicabo, odit! Repellendus voluptatibus nemo praesentium, id facere atque eum! sit nonummy tellus velit vivamus, eu sagittis gravida ut ante. Ut voluptas vestibulum leo pellentesque nulla, taciti congue, vitae nunc metus, imperdiet orci neque sed vestibulum, vestibulum magna ullamcorper posuere massa interdum Risus sociis urna elementum ultricies justo quisque mattis in eros facilisis mauris vestibulum sed, luctus proin nibh nonummy integer, nullam sit eget cum duis. Et sodales blandit, libero pede suscipit, tincidunt amet ultricies vitae dui tempor Lorem ipsum dolor sit amet, consectetur adipisicing elit. Quo non labore totam tempora sed neque repellat numquam eaque inventore! Iusto saepe ipsum, ex, commodi asperiores iure dolores amet dolorem eos voluptatum, aliquid incidunt non perferendis earum dignissimos quod iste accusantium deleniti.Risus sociis urna elementum ultricies justo quisque, mattis in eros facilisis mauris vestibulum sed, luctus proin nibh nonummy integer, nullam sit eget cum duis. Et sodales blandit, libero pede suscipit, tincidunt amet Lorem ipsum dolor sit amet, consectetur adipisicing elit. eleifend hac porta faucibus aliquam eros, massa facilisis, sed pede maecenas porttitor id magnis. Ac sed aliquam in felis amet, adipiscing pede a amet faucibus sit, quis in et ullamcorper vel commodo. Volutpat ut pede sem ipsum non, sapien adipiscing, suspendisse neque, quis dolor donec dolor. Sit voluptatibus, scelerisque in semper lacus nostra, ac integer dolor mauris tempus eget</summary></entry><entry><title type="html">Easily choose from thousan of free themes</title><link href="http://localhost:4000/free-themes" rel="alternate" type="text/html" title="Easily choose from thousan of free themes" /><published>2019-02-09T20:37:13+06:00</published><updated>2019-02-09T20:37:13+06:00</updated><id>http://localhost:4000/free-themes</id><content type="html" xml:base="http://localhost:4000/free-themes">&lt;h5&gt;Easily choose from thousan of free themes &lt;/h5&gt;
&lt;p&gt;11 time-saving pro tips for web designers working in Webflow11 &lt;a href=&quot;#&quot;&gt;time-saving pro&lt;/a&gt; tips for web designers working in Webflow Consectetuer magna vivamus varius. Faucibus vestibulum faucibus elementum vulputate suscipit. Sit convallis litora nunc, vestibulum nibh tincidunt, in qui vel dui elit feugiat nulla, vehicula eos nec dolor conubia, aliquam proinEtiam id euismod. Purus ut dis feugiat, ac massa error leo sed fermentum, non sem velit eget arcu, lectus luctus congue leo dapibus tincidunt. Nunc vitae quis eu. Sit id ullamcorper semper ridiculus, accumsan augue ullamcorper eros viverra neque, libero est metus libero. Lacinia wisi feugiat tellus neque dui pellentesque, libero Lorem ipsum dolor sit amet, consectetur adipisicing elit. Suscipit est velit similique laborum, cumque aliquam porro dicta debitis repellat, tempore dignissimos, neque ab fuga voluptatibus. Earum numquam repellat sed perspiciatis ratione explicabo, odit! Repellendus voluptatibus nemo praesentium, id facere atque eum! sit nonummy tellus velit vivamus, eu sagittis gravida ut ante. Ut voluptas vestibulum leo pellentesque nulla, taciti congue, vitae nunc metus, imperdiet orci neque sed vestibulum, vestibulum magna ullamcorper posuere massa interdum &lt;/p&gt;
&lt;h4&gt;Risus sociis urna elementum ultricies justo quisque &lt;/h4&gt;
&lt;p&gt; mattis in eros facilisis mauris vestibulum sed, luctus proin nibh nonummy integer, nullam sit eget cum duis. Et sodales blandit, libero pede suscipit, tincidunt amet ultricies vitae dui tempor &lt;/p&gt;
&lt;blockquote class=&quot;blockquote single-quote&quot;&gt;
  &lt;p&gt; Lorem ipsum dolor sit amet, consectetur adipisicing elit. Quo non labore totam tempora sed neque repellat numquam eaque inventore! Iusto saepe ipsum, ex, commodi asperiores iure dolores amet dolorem eos voluptatum, aliquid incidunt non perferendis earum dignissimos quod iste accusantium deleniti.Risus sociis urna elementum ultricies justo quisque, mattis in eros facilisis mauris vestibulum sed, luctus proin nibh nonummy integer, nullam sit eget cum duis. Et sodales blandit, libero pede suscipit, tincidunt amet &lt;/p&gt;
&lt;/blockquote&gt;
&lt;h4&gt;Lorem ipsum dolor sit amet, consectetur adipisicing elit.&lt;/h4&gt;
&lt;p&gt;eleifend hac porta faucibus aliquam eros, massa facilisis, sed pede maecenas porttitor id magnis. Ac sed aliquam in felis amet, adipiscing pede a amet faucibus sit, quis in et ullamcorper vel commodo. Volutpat ut pede sem ipsum non, sapien adipiscing, suspendisse neque, quis dolor donec dolor. Sit voluptatibus, scelerisque in semper lacus nostra, ac integer dolor mauris tempus eget&lt;/p&gt;

&lt;p&gt;Accumsan augue ullamcorper eros viverra neque, libero est metus libero. Lacinia wisi feugiat tellus neque dui pellentesque, libero Lorem ipsum dolor sit amet, consectetur adipisicing elit. Suscipit est velit similique laborum, cumque aliquam porro dicta debitis repellat, tempore dignissimos, neque ab fuga voluptatibus. Earum numquam repellat sed perspiciatis ratione explicabo, odit! Repellendus voluptatibus nemo praesentium&lt;/p&gt;

&lt;p&gt;&lt;b&gt;augue ullamcorper eros viverra neque, libero est metus libero. Lacinia wisi feugiat tellus neque dui pellentesque, libero Lorem ipsum dolor sit amet, consectetur adipisicing elit. Suscipit est velit similique laborum, cumque aliquam porro dicta debitis repellat, tempore dignissimos, neque ab fuga voluptatibus. Earum numquam repellat sed perspiciatis ratione explicabo, odit! Repellendus voluptatibus nemo praesentiumaugue ullamcorper eros viverra neque, libero est metus libero. Lacinia wisi feugiat tellus neque dui pellentesque, libero Lorem ipsum dolor sit amet, consectetur adipisicing elit. Suscipit est velit similique laborum, cumque aliquam porro dicta debitis repellat, tempore dignissimos, neque ab fuga voluptatibus. Earum numquam repellat sed perspiciatis ratione explicabo, odit! Repellendus voluptatibus nemo praesentium  &lt;/b&gt;&lt;/p&gt;</content><author><name>ecuelass chapman</name></author><category term="tips" /><category term="tech" /><category term="technology" /><category term="education" /><summary type="html">Easily choose from thousan of free themes 11 time-saving pro tips for web designers working in Webflow11 time-saving pro tips for web designers working in Webflow Consectetuer magna vivamus varius. Faucibus vestibulum faucibus elementum vulputate suscipit. Sit convallis litora nunc, vestibulum nibh tincidunt, in qui vel dui elit feugiat nulla, vehicula eos nec dolor conubia, aliquam proinEtiam id euismod. Purus ut dis feugiat, ac massa error leo sed fermentum, non sem velit eget arcu, lectus luctus congue leo dapibus tincidunt. Nunc vitae quis eu. Sit id ullamcorper semper ridiculus, accumsan augue ullamcorper eros viverra neque, libero est metus libero. Lacinia wisi feugiat tellus neque dui pellentesque, libero Lorem ipsum dolor sit amet, consectetur adipisicing elit. Suscipit est velit similique laborum, cumque aliquam porro dicta debitis repellat, tempore dignissimos, neque ab fuga voluptatibus. Earum numquam repellat sed perspiciatis ratione explicabo, odit! Repellendus voluptatibus nemo praesentium, id facere atque eum! sit nonummy tellus velit vivamus, eu sagittis gravida ut ante. Ut voluptas vestibulum leo pellentesque nulla, taciti congue, vitae nunc metus, imperdiet orci neque sed vestibulum, vestibulum magna ullamcorper posuere massa interdum Risus sociis urna elementum ultricies justo quisque mattis in eros facilisis mauris vestibulum sed, luctus proin nibh nonummy integer, nullam sit eget cum duis. Et sodales blandit, libero pede suscipit, tincidunt amet ultricies vitae dui tempor Lorem ipsum dolor sit amet, consectetur adipisicing elit. Quo non labore totam tempora sed neque repellat numquam eaque inventore! Iusto saepe ipsum, ex, commodi asperiores iure dolores amet dolorem eos voluptatum, aliquid incidunt non perferendis earum dignissimos quod iste accusantium deleniti.Risus sociis urna elementum ultricies justo quisque, mattis in eros facilisis mauris vestibulum sed, luctus proin nibh nonummy integer, nullam sit eget cum duis. Et sodales blandit, libero pede suscipit, tincidunt amet Lorem ipsum dolor sit amet, consectetur adipisicing elit. eleifend hac porta faucibus aliquam eros, massa facilisis, sed pede maecenas porttitor id magnis. Ac sed aliquam in felis amet, adipiscing pede a amet faucibus sit, quis in et ullamcorper vel commodo. Volutpat ut pede sem ipsum non, sapien adipiscing, suspendisse neque, quis dolor donec dolor. Sit voluptatibus, scelerisque in semper lacus nostra, ac integer dolor mauris tempus eget</summary></entry><entry><title type="html">Seo Friendly Post Title venenatis a condimentum vitae</title><link href="http://localhost:4000/seo-friendly-post" rel="alternate" type="text/html" title="Seo Friendly Post Title venenatis a condimentum vitae" /><published>2019-02-01T20:37:13+06:00</published><updated>2019-02-01T20:37:13+06:00</updated><id>http://localhost:4000/seo-friendly-post</id><content type="html" xml:base="http://localhost:4000/seo-friendly-post">&lt;p&gt;11 time-saving pro tips for web designers working in Webflow11 &lt;a href=&quot;#&quot;&gt;time-saving pro&lt;/a&gt; tips for web designers working in Webflow Consectetuer magna vivamus varius. Faucibus vestibulum faucibus elementum vulputate suscipit. Sit convallis litora nunc, vestibulum nibh tincidunt, in qui vel dui elit feugiat nulla, vehicula eos nec dolor conubia, aliquam proinEtiam id euismod. Purus ut dis feugiat, ac massa error leo sed fermentum, non sem velit eget arcu, lectus luctus congue leo dapibus tincidunt. Nunc vitae quis eu. Sit id ullamcorper semper ridiculus, accumsan augue ullamcorper eros viverra neque, libero est metus libero. Lacinia wisi feugiat tellus neque dui pellentesque, libero Lorem ipsum dolor sit amet, consectetur adipisicing elit. Suscipit est velit similique laborum, cumque aliquam porro dicta debitis repellat, tempore dignissimos, neque ab fuga voluptatibus. Earum numquam repellat sed perspiciatis ratione explicabo, odit! Repellendus voluptatibus nemo praesentium, id facere atque eum! sit nonummy tellus velit vivamus, eu sagittis gravida ut ante. Ut voluptas vestibulum leo pellentesque nulla, taciti congue, vitae nunc metus, imperdiet orci neque sed vestibulum, vestibulum magna ullamcorper posuere massa interdum &lt;/p&gt;
&lt;h4&gt;Risus sociis urna elementum ultricies justo quisque &lt;/h4&gt;
&lt;p&gt; mattis in eros facilisis mauris vestibulum sed, luctus proin nibh nonummy integer, nullam sit eget cum duis. Et sodales blandit, libero pede suscipit, tincidunt amet ultricies vitae dui tempor &lt;/p&gt;
&lt;blockquote class=&quot;blockquote single-quote&quot;&gt;
  &lt;p&gt; Lorem ipsum dolor sit amet, consectetur adipisicing elit. Quo non labore totam tempora sed neque repellat numquam eaque inventore! Iusto saepe ipsum, ex, commodi asperiores iure dolores amet dolorem eos voluptatum, aliquid incidunt non perferendis earum dignissimos quod iste accusantium deleniti.Risus sociis urna elementum ultricies justo quisque, mattis in eros facilisis mauris vestibulum sed, luctus proin nibh nonummy integer, nullam sit eget cum duis. Et sodales blandit, libero pede suscipit, tincidunt amet &lt;/p&gt;
&lt;/blockquote&gt;
&lt;h4&gt;Lorem ipsum dolor sit amet, consectetur adipisicing elit.&lt;/h4&gt;
&lt;p&gt;eleifend hac porta faucibus aliquam eros, massa facilisis, sed pede maecenas porttitor id magnis. Ac sed aliquam in felis amet, adipiscing pede a amet faucibus sit, quis in et ullamcorper vel commodo. Volutpat ut pede sem ipsum non, sapien adipiscing, suspendisse neque, quis dolor donec dolor. Sit voluptatibus, scelerisque in semper lacus nostra, ac integer dolor mauris tempus eget&lt;/p&gt;

&lt;p&gt;Accumsan augue ullamcorper eros viverra neque, libero est metus libero. Lacinia wisi feugiat tellus neque dui pellentesque, libero Lorem ipsum dolor sit amet, consectetur adipisicing elit. Suscipit est velit similique laborum, cumque aliquam porro dicta debitis repellat, tempore dignissimos, neque ab fuga voluptatibus. Earum numquam repellat sed perspiciatis ratione explicabo, odit! Repellendus voluptatibus nemo praesentium
Lectus proin nibh nisl condimentum id venenatis a condimentum vitae. Nullam non nisi est sit amet facilisis magna etiam tempor.
venenatis a condimentum vitae. Nullam non nisi est sit amet facilisis magna etiam tempor.Lectus proin nibh nisl condimentum id venenatis a condimentum vitae. Nullam non nisi est sit amet facilisis magna etiam tempor.
venenatis a condimentum vitae. Nullam non nisi est sit amet facilisis magna etiam tempor.

 Nullam non nisi est sit amet facilisis magna etiam tempor Nullam non nisi est sit amet facilisis magna etiam tempor Nullam non nisi est sit amet facilisis magna etiam tempor Nullam non nisi est sit amet facilisis magna etiam tempor &lt;/p&gt;</content><author><name>ecuelass chapman</name></author><category term="health" /><category term="technology" /><category term="education" /><summary type="html">11 time-saving pro tips for web designers working in Webflow11 time-saving pro tips for web designers working in Webflow Consectetuer magna vivamus varius. Faucibus vestibulum faucibus elementum vulputate suscipit. Sit convallis litora nunc, vestibulum nibh tincidunt, in qui vel dui elit feugiat nulla, vehicula eos nec dolor conubia, aliquam proinEtiam id euismod. Purus ut dis feugiat, ac massa error leo sed fermentum, non sem velit eget arcu, lectus luctus congue leo dapibus tincidunt. Nunc vitae quis eu. Sit id ullamcorper semper ridiculus, accumsan augue ullamcorper eros viverra neque, libero est metus libero. Lacinia wisi feugiat tellus neque dui pellentesque, libero Lorem ipsum dolor sit amet, consectetur adipisicing elit. Suscipit est velit similique laborum, cumque aliquam porro dicta debitis repellat, tempore dignissimos, neque ab fuga voluptatibus. Earum numquam repellat sed perspiciatis ratione explicabo, odit! Repellendus voluptatibus nemo praesentium, id facere atque eum! sit nonummy tellus velit vivamus, eu sagittis gravida ut ante. Ut voluptas vestibulum leo pellentesque nulla, taciti congue, vitae nunc metus, imperdiet orci neque sed vestibulum, vestibulum magna ullamcorper posuere massa interdum Risus sociis urna elementum ultricies justo quisque mattis in eros facilisis mauris vestibulum sed, luctus proin nibh nonummy integer, nullam sit eget cum duis. Et sodales blandit, libero pede suscipit, tincidunt amet ultricies vitae dui tempor Lorem ipsum dolor sit amet, consectetur adipisicing elit. Quo non labore totam tempora sed neque repellat numquam eaque inventore! Iusto saepe ipsum, ex, commodi asperiores iure dolores amet dolorem eos voluptatum, aliquid incidunt non perferendis earum dignissimos quod iste accusantium deleniti.Risus sociis urna elementum ultricies justo quisque, mattis in eros facilisis mauris vestibulum sed, luctus proin nibh nonummy integer, nullam sit eget cum duis. Et sodales blandit, libero pede suscipit, tincidunt amet Lorem ipsum dolor sit amet, consectetur adipisicing elit. eleifend hac porta faucibus aliquam eros, massa facilisis, sed pede maecenas porttitor id magnis. Ac sed aliquam in felis amet, adipiscing pede a amet faucibus sit, quis in et ullamcorper vel commodo. Volutpat ut pede sem ipsum non, sapien adipiscing, suspendisse neque, quis dolor donec dolor. Sit voluptatibus, scelerisque in semper lacus nostra, ac integer dolor mauris tempus eget</summary></entry></feed>